Borough,VM1,VM2,VM3,VM4,VM5,VM6,VM7,PU5,PO75,ENG,RENT,BAME,TEMP,VM1_q,VM2_q,VM3_q,VM4_q,VM5_q,VM6_q,PU5_q,PO75_q,ENG_q,RENT_q,BAME_q,TEMP_q,VM7_q,LSOA11CD,LSOA11NM,PM25_pct,NO2_pct,Poll_Index,Poll_q
Croydon,10.012437810945274,7.186000000000000,15.435580253601074,68.388038635253906,0.011502949128008,15.587702433868328,100,6.940000000000000,3.230000000000000,2.740000000000000,9.980000000000000,49.890000000000001,18.116822726254004,2,5,5,5,4,5,4,1,3,3,3,4,5.000,E01000975,Croydon 022A,0.986363636363636,0.995454545454545,0.990909090909091,5.000000000000000
Croydon,14.987834549878343,9.722000000000000,10.500559806823730,26.045089721679688,0.012067177871425,19.377270028865144,100,8.289999999999999,3.960000000000000,5.730000000000000,15.170000000000000,47.850000000000001,18.116822726254004,4,4,4,4,4,5,5,2,5,3,3,4,5.000,E01000976,Croydon 022B,0.640909090909091,0.659090909090909,0.650000000000000,4.000000000000000
Croydon,20.000000000000000,16.527999999999999,10.320010185241699,24.623619079589844,0.011813925260886,33.810385500400045,100,7.800000000000000,6.250000000000000,5.500000000000000,24.600000000000001,49.670000000000002,18.089786570449583,4,3,3,3,4,4,5,3,5,4,3,4,5.000,E01000977,Croydon 022C,0.440909090909091,0.409090909090909,0.425000000000000,3.000000000000000
Croydon,9.025069637883009,16.652999999999999,11.906949996948242,35.561500549316406,0.042141867561004,36.985235403084587,100,8.029999999999999,6.080000000000000,2.810000000000000,12.850000000000000,53.119999999999997,18.089786570449583,2,3,5,5,5,3,5,3,3,3,3,4,5.000,E01000978,Croydon 022D,0.918181818181818,0.922727272727273,0.920454545454545,5.000000000000000
Croydon,10.022650056625142,10.499000000000001,10.793359756469727,27.982070922851562,0.018484051665765,19.253952600365587,100,6.600000000000000,5.290000000000000,3.400000000000000,8.650000000000000,49.289999999999999,18.116822726254004,2,4,5,5,5,5,3,3,4,2,3,4,5.000,E01000979,Croydon 022E,0.800000000000000,0.800000000000000,0.800000000000000,5.000000000000000
Croydon,19.013524264120925,9.420000000000000,10.254480361938477,24.902280807495117,0.021055152549440,22.372007133459249,100,6.250000000000000,4.260000000000000,3.820000000000000,19.100000000000001,58.570000000000000,18.145519640480735,4,4,3,3,5,5,3,2,4,4,4,5,5.000,E01000980,Croydon 017A,0.413636363636364,0.431818181818182,0.422727272727273,3.000000000000000
Croydon,10.011312217194570,10.850000000000000,10.253700256347656,24.363180160522461,0.019277391499919,17.103044077347484,83,6.890000000000000,4.230000000000002,2.700000000000000,8.170000000000000,44.200000000000003,18.051326900933297,2,4,3,2,5,5,4,2,3,2,2,4,5.000,E01000981,Croydon 017B,0.409090909090909,0.381818181818182,0.395454545454546,2.000000000000000
Croydon,14.009661835748794,10.786000000000000,10.373909950256348,25.162359237670898,0.015015815622359,39.266721682005631,100,8.350000000000000,3.430000000000000,3.230000000000000,14.289999999999999,48.310000000000002,18.145519640480735,3,4,3,3,4,3,5,1,4,3,3,5,5.000,E01000982,Croydon 017C,0.472727272727273,0.463636363636364,0.468181818181818,3.000000000000000
Croydon,6.983568075117370,8.715000000000000,10.265390396118164,24.326700210571289,0.013157018235289,22.070864849642113,81,5.060000000000000,4.950000000000000,3.130000000000000,3.860000000000000,44.869999999999997,18.089786570449583,2,5,3,2,4,5,2,2,4,1,3,4,5.000,E01000983,Croydon 017D,0.418181818181818,0.377272727272727,0.397727272727273,3.000000000000000
Croydon,18.998923573735198,8.721000000000000,10.341839790344238,24.951669692993164,0.010912710051948,23.607708033610162,100,8.970000000000002,6.350000000000000,4.580000000000000,30.859999999999999,57.920000000000002,18.116822726254004,4,5,3,3,3,4,5,3,4,5,4,4,5.000,E01000984,Croydon 022F,0.450000000000000,0.436363636363636,0.443181818181818,3.000000000000000
Croydon,6.027397260273974,13.714000000000000,10.057609558105469,23.359630584716797,0.004161661326700,85.258773811707385,0,4.810000000000000,9.490000000000000,1.620000000000000,7.660000000000000,43.350000000000001,18.206021294342733,2,3,2,2,1,1,1,5,2,2,2,5,1.000,E01000985,Croydon 021A,0.286363636363636,0.286363636363636,0.286363636363636,2.000000000000000
Croydon,8.016147635524797,12.048999999999999,10.712089538574219,27.548469543457031,0.007397925416838,34.978651404560708,18,6.660000000000000,8.119999999999999,2.350000000000000,5.640000000000000,45.950000000000003,18.089786570449583,2,4,4,4,3,3,4,4,3,2,3,4,1.000,E01000986,Croydon 021B,0.768181818181818,0.786363636363636,0.777272727272727,4.000000000000000
Croydon,4.976462676529926,7.404000000000000,11.061619758605959,30.701730728149418,0.020578280591787,42.849052895278895,1,5.290000000000000,7.650000000000000,1.510000000000000,0.980000000000000,36.570000000000000,18.206021294342733,1,5,5,5,5,2,2,4,2,1,2,5,1.000,E01000987,Croydon 021C,0.836363636363636,0.868181818181818,0.852272727272727,5.000000000000000
Croydon,7.997664915353182,12.609000000000000,10.084420204162598,23.503049850463867,0.008358308756550,33.769942425794291,58,4.570000000000000,7.230000000000000,1.180000000000000,3.660000000000000,39.210000000000001,18.091418610649374,2,4,2,2,3,4,1,4,2,1,2,4,3.000,E01000989,Croydon 018A,0.322727272727273,0.309090909090909,0.315909090909091,2.000000000000000
Croydon,26.022803487592221,9.265000000000001,10.195940017700195,24.145820617675781,0.014003705107208,26.450577803018309,16,3.960000000000000,5.910000000000000,2.860000000000000,53.619999999999997,53.659999999999997,18.116797929673528,5,4,2,2,4,4,1,3,3,5,3,4,1.000,E01000990,Croydon 045A,0.363636363636364,0.354545454545455,0.359090909090909,2.000000000000000
Croydon,4.987834549878346,13.788000000000000,10.083100318908691,23.558620452880859,0.005261917911226,90.283675221533414,10,3.860000000000000,13.420000000000000,1.230000000000000,2.180000000000000,40.310000000000002,18.206021294342733,1,3,2,2,2,1,1,5,2,1,2,5,1.000,E01000991,Croydon 018B,0.318181818181818,0.322727272727273,0.320454545454545,2.000000000000000
Croydon,17.997025285076848,6.166000000000000,10.075900077819824,23.542480468750000,0.005851376630404,59.345253552980331,2,5.110000000000000,4.420000000000000,2.030000000000000,36.969999999999999,57.020000000000003,18.206021294342733,4,5,2,2,2,1,2,2,3,5,4,5,1.000,E01000992,Croydon 014A,0.309090909090909,0.318181818181818,0.313636363636364,2.000000000000000
Croydon,6.991774383078732,7.717000000000000,10.243350028991699,24.272539138793945,0.033393207163267,24.698630742143685,0,7.800000000000000,5.930000000000000,2.470000000000000,7.310000000000000,44.369999999999997,18.066756843567688,2,5,2,2,5,4,5,3,3,2,2,4,1.000,E01000993,Croydon 021D,0.390909090909091,0.372727272727273,0.381818181818182,2.000000000000000
Croydon,11.986754966887418,15.958000000000000,10.441969871520996,25.690500259399418,0.006772078040646,41.047010728881204,100,4.980000000000000,6.370000000000000,6.970000000000000,5.590000000000000,71.909999999999997,18.017321673179389,3,3,3,3,2,3,1,4,5,2,5,3,5.000,E01000994,Croydon 009A,0.572727272727273,0.590909090909091,0.581818181818182,3.000000000000000
Croydon,11.973018549747048,11.207000000000001,10.455089569091797,25.668460845947266,0.029421050456512,68.940076471504270,100,6.430000000000000,5.790000000000000,9.029999999999999,6.590000000000000,75.760000000000005,18.017321673179389,3,4,4,3,5,1,3,3,5,2,5,3,5.000,E01000995,Croydon 009B,0.604545454545454,0.577272727272727,0.590909090909091,3.000000000000000
Croydon,12.964492155243599,13.307000000000000,10.360320091247559,24.964080810546875,0.006037538888579,40.636369913628819,100,5.240000000000000,4.340000000000000,5.530000000000000,5.780000000000000,74.189999999999998,18.017321673179389,3,3,3,3,2,3,2,2,5,2,5,3,5.000,E01000996,Croydon 009C,0.454545454545455,0.440909090909091,0.447727272727273,3.000000000000000
Croydon,15.970695970695971,10.044000000000000,10.371359825134277,25.023059844970703,0.030569708343572,20.953973459030369,100,4.230000000000002,6.380000000000000,5.480000000000000,10.550000000000001,75.450000000000003,18.070201347404652,4,4,3,3,5,5,1,4,5,3,5,4,5.000,E01000997,Croydon 009D,0.468181818181818,0.454545454545455,0.461363636363636,3.000000000000000
Croydon,18.012820512820511,12.234999999999999,10.571269989013672,26.471319198608398,0.006391658108732,34.790065106783572,100,7.540000000000000,4.340000000000000,5.700000000000000,19.149999999999999,74.879999999999995,18.017321673179389,4,4,4,4,2,4,5,2,5,4,5,3,5.000,E01000998,Croydon 010A,0.709090909090909,0.700000000000000,0.704545454545455,4.000000000000000
Croydon,13.002364066193852,8.476000000000004,10.409190177917480,25.270000457763672,0.000000000000000,21.268855576950926,100,4.310000000000000,6.510000000000000,5.040000000000000,4.830000000000000,76.920000000000002,18.017321673179389,3,5,3,3,1,5,1,4,5,2,5,3,5.000,E01000999,Croydon 009E,0.509090909090909,0.481818181818182,0.495454545454545,3.000000000000000
Croydon,14.019388516032810,9.779999999999999,10.618510246276855,26.993240356445312,0.006060645746425,20.573998357317581,100,5.550000000000000,5.100000000000000,6.640000000000000,8.090000000000000,71.849999999999994,18.103490277266207,3,4,4,4,2,5,2,3,5,2,5,4,5.000,E01001000,Croydon 010B,0.731818181818182,0.763636363636364,0.747727272727273,4.000000000000000
Croydon,25.000000000000000,13.199999999999999,10.467370033264160,25.994319915771484,0.008623666834785,37.671850375716154,100,6.990000000000000,3.880000000000000,5.980000000000000,19.449999999999999,71.269999999999996,18.040467828847657,5,3,4,4,3,3,4,2,5,4,5,3,5.000,E01001001,Croydon 013A,0.622727272727273,0.645454545454546,0.634090909090909,4.000000000000000
Croydon,12.966878083157152,8.487000000000000,10.619990348815918,26.662319183349609,0.055895173447914,22.972916287092591,100,6.090000000000000,4.330000000000000,6.240000000000000,13.080000000000000,79.189999999999998,18.103490277266207,3,5,4,4,5,5,3,2,5,3,5,4,5.000,E01001002,Croydon 009F,0.736363636363636,0.731818181818182,0.734090909090909,4.000000000000000
Croydon,16.973293768545993,9.730000000000000,11.884169578552246,35.314720153808594,0.021770342547298,39.179080697331855,100,6.430000000000000,4.350000000000000,3.730000000000000,19.699999999999999,70.670000000000002,18.103490277266207,4,4,5,5,5,3,3,2,4,4,5,4,5.000,E01001003,Croydon 010C,0.913636363636364,0.918181818181818,0.915909090909091,5.000000000000000
Croydon,20.008972633467923,12.581000000000000,10.524089813232422,26.002569198608398,0.035419735767788,22.135607062878680,100,7.200000000000000,2.950000000000000,3.790000000000000,22.070000000000000,74.140000000000001,18.120500006565699,5,4,4,4,5,5,4,1,4,4,5,5,5.000,E01001004,Croydon 015A,0.654545454545455,0.650000000000000,0.652272727272727,4.000000000000000
Croydon,13.014119091467158,4.765000000000000,11.225150108337402,30.235769271850582,0.008135850604389,14.904321057198960,100,6.710000000000000,3.410000000000000,6.920000000000000,12.980000000000000,78.849999999999994,18.154664527831414,3,5,5,5,3,5,4,1,5,3,5,5,5.000,E01001005,Croydon 019A,0.872727272727273,0.854545454545454,0.863636363636364,5.000000000000000
Croydon,18.973074514715091,4.919000000000000,10.652999877929688,25.671060562133789,0.014945984511626,40.134052876567182,6,7.010000000000000,2.300000000000000,3.680000000000000,29.520000000000000,71.010000000000005,18.000424878230881,4,5,4,3,4,3,4,1,4,4,5,3,1.000,E01001006,Croydon 016A,0.750000000000000,0.581818181818182,0.665909090909091,4.000000000000000
Croydon,14.008725157537565,5.697000000000000,10.922619819641113,28.374269485473633,0.019999441317118,19.966028788955576,12,3.830000000000000,4.740000000000000,6.180000000000000,8.240000000000000,80.269999999999996,18.000424878230881,3,5,5,5,5,5,1,2,5,2,5,3,1.000,E01001007,Croydon 016B,0.818181818181818,0.804545454545455,0.811363636363636,5.000000000000000
Croydon,18.976423231742380,5.229000000000000,12.539219856262209,40.106601715087891,0.007931352043814,19.639691944190137,78,5.730000000000000,4.180000000000000,5.520000000000000,31.190000000000001,70.060000000000002,18.154664527831414,4,5,5,5,3,5,2,2,5,5,5,5,4.000,E01001008,Croydon 019B,0.940909090909091,0.959090909090909,0.950000000000000,5.000000000000000
Croydon,15.022994379151765,7.872000000000000,11.952139854431152,36.542301177978509,0.042958884194334,16.768646986084633,100,7.980000000000000,2.940000000000000,5.300000000000000,18.410000000000000,75.379999999999995,18.154664527831414,4,5,5,5,5,5,5,1,5,4,5,5,5.000,E01001009,Croydon 019C,0.922727272727273,0.931818181818182,0.927272727272727,5.000000000000000
Croydon,25.015328019619865,2.559000000000000,10.942540168762209,27.071950912475582,0.008127562701833,13.121040746602411,100,5.120000000000000,3.470000000000000,3.690000000000000,39.869999999999997,63.399999999999999,18.154664527831414,5,5,5,4,3,5,2,1,4,5,4,5,5.000,E01001010,Croydon 019D,0.822727272727273,0.768181818181818,0.795454545454545,4.000000000000000
Croydon,18.993352326685660,7.084000000000000,11.134830474853516,30.579809188842773,0.010129572680128,14.182848833991009,100,9.260000000000000,2.370000000000000,6.210000000000000,28.420000000000002,76.920000000000002,18.154664527831414,4,5,5,5,3,5,5,1,5,4,5,5,5.000,E01001011,Croydon 019E,0.854545454545454,0.863636363636364,0.859090909090909,5.000000000000000
Croydon,21.002979145978156,15.699999999999999,11.272109985351562,31.447990417480469,0.000000000000000,29.689577031499820,100,8.190000000000000,3.590000000000000,5.720000000000000,19.000000000000000,72.469999999999999,18.222641158975328,5,3,5,5,1,4,5,1,5,4,5,5,5.000,E01001012,Croydon 020A,0.877272727272727,0.881818181818182,0.879545454545455,5.000000000000000
Croydon,28.015194681861349,5.233000000000000,11.107049942016602,28.849960327148438,0.017705895100568,40.961026228662710,100,10.050000000000001,4.030000000000000,7.310000000000000,46.609999999999999,72.849999999999994,17.895805713293264,5,5,5,5,5,3,5,2,5,5,5,2,5.000,E01001013,Croydon 020B,0.845454545454545,0.822727272727273,0.834090909090909,5.000000000000000
Croydon,14.992067689053412,3.507000000000000,10.613530158996582,26.028909683227539,0.005391231297320,20.249744470725069,100,10.539999999999999,0.620000000000000,2.460000000000000,25.129999999999999,63.070000000000000,17.895805713293264,4,5,4,4,2,5,5,1,3,4,4,2,5.000,E01001014,Croydon 024A,0.727272727272727,0.654545454545455,0.690909090909091,4.000000000000000
Croydon,17.014341590612776,26.026000000000000,9.663970947265623,20.976390838623047,0.007372156441000,55.135635423266507,28,5.850000000000000,6.930000000000000,0.350000000000000,34.649999999999999,34.000000000000000,17.835510412882222,4,2,1,1,3,1,3,4,1,5,1,2,2.000,E01001015,Croydon 041A,0.090909090909091,0.090909090909091,0.090909090909091,1.000000000000000
Croydon,7.005649717514126,34.491000000000000,9.894921302795410,23.097690582275391,0.002357440360049,72.971393789984063,100,6.150000000000000,9.520000000000000,1.180000000000000,7.200000000000000,34.829999999999998,17.835510412882222,2,1,2,2,1,1,3,5,2,2,2,2,5.000,E01001016,Croydon 041B,0.240909090909091,0.263636363636364,0.252272727272727,2.000000000000000
Croydon,3.990326481257558,18.332999999999998,9.832869529724123,21.939359664916992,0.002479774608333,41.349177454944915,0,6.690000000000000,9.000000000000000,0.440000000000000,3.050000000000000,19.180000000000000,17.835510412882222,1,2,2,2,1,3,4,4,1,1,1,2,1.000,E01001017,Croydon 043A,0.200000000000000,0.200000000000000,0.200000000000000,2.000000000000000
Croydon,3.989867004433186,49.630000000000003,9.432732582092285,19.845439910888672,0.003433157322315,76.947633747404282,100,5.320000000000000,10.330000000000000,0.130000000000000,2.690000000000000,14.410000000000000,17.674080317900440,1,1,1,1,1,1,2,5,1,1,1,1,5.000,E01001018,Croydon 044A,0.013636363636364,0.013636363636364,0.013636363636364,1.000000000000000
Croydon,3.974358974358974,22.116000000000000,9.457938194274902,19.926170349121094,0.003771568232452,50.012345021913603,17,6.140000000000000,13.380000000000001,0.360000000000000,8.320000000000000,20.430000000000000,17.835510412882222,1,2,1,1,1,2,3,5,1,2,1,2,1.000,E01001019,Croydon 044B,0.018181818181818,0.022727272727273,0.020454545454545,1.000000000000000
Croydon,4.976019184652278,19.393000000000001,9.642003059387209,21.249469757080082,0.026366589643939,41.349177454944915,21,7.980000000000000,9.430000000000000,0.380000000000000,4.880000000000000,19.109999999999999,17.668287579979093,1,2,1,1,5,3,5,5,1,2,1,1,2.000,E01001020,Croydon 044C,0.072727272727273,0.127272727272727,0.100000000000000,1.000000000000000
Croydon,23.985765124555162,36.628000000000000,9.391826629638672,19.559879302978516,0.000921224217434,92.775343931008251,12,5.840000000000000,10.199999999999999,1.510000000000000,45.869999999999997,32.990000000000002,17.894638110175318,5,1,1,1,1,1,3,5,2,5,1,2,1.000,E01001021,Croydon 044D,0.009090909090909,0.009090909090909,0.009090909090909,1.000000000000000
Croydon,4.979811574697174,41.740000000000002,9.346102714538574,19.277229309082031,0.002514076591942,41.349177454944915,92,4.920000000000000,16.300000000000001,0.280000000000000,1.300000000000000,17.530000000000001,17.668287579979093,1,1,1,1,1,3,1,5,1,1,1,1,5.000,E01001022,Croydon 044E,0.000000000000000,0.000000000000000,0.000000000000000,1.000000000000000
Croydon,14.035087719298245,15.026999999999999,9.975933074951172,22.999809265136719,0.003601841820406,42.387955402030187,100,9.490000000000000,6.060000000000000,1.840000000000000,14.390000000000001,45.070000000000000,17.835510412882222,4,3,2,2,1,2,5,3,2,3,3,2,5.000,E01001023,Croydon 041C,0.259090909090909,0.254545454545455,0.256818181818182,2.000000000000000
Croydon,6.014492753623188,17.369000000000000,9.741379737854004,21.071550369262695,0.007398700849836,21.633312130284061,100,5.920000000000000,7.190000000000000,0.780000000000000,2.870000000000000,28.559999999999999,17.873229908219336,1,3,1,1,3,5,3,4,1,1,1,2,5.000,E01001024,Croydon 043B,0.159090909090909,0.104545454545455,0.131818181818182,1.000000000000000
Croydon,4.012345679012346,13.519000000000000,9.684950828552246,20.928949356079102,0.008532794809189,42.253896509722409,100,6.880000000000000,8.140000000000002,1.320000000000000,3.030000000000000,24.430000000000000,17.988986079656591,1,3,1,1,3,2,4,4,2,1,1,2,5.000,E01001025,Croydon 043C,0.122727272727273,0.068181818181818,0.095454545454545,1.000000000000000
Croydon,10.987849973586899,16.352000000000000,9.481477737426758,19.915050506591797,0.008388030494242,37.678850035086761,100,7.770000000000000,5.850000000000000,0.560000000000000,17.559999999999999,23.539999999999999,18.040040731764833,3,3,1,1,3,3,5,3,1,4,1,3,5.000,E01001026,Croydon 043D,0.022727272727273,0.018181818181818,0.020454545454545,1.000000000000000
Croydon,5.995055624227442,19.065999999999999,11.146559715270996,29.914930343627930,0.001799916321813,46.439632230593254,100,9.699999999999999,3.840000000000000,0.510000000000000,7.480000000000000,41.030000000000001,17.835510412882222,1,2,5,5,1,2,5,2,1,2,2,2,5.000,E01001027,Croydon 043E,0.859090909090909,0.840909090909091,0.850000000000000,5.000000000000000
Croydon,3.022508038585209,23.337000000000000,13.831839561462402,47.177101135253906,0.003082048306727,35.242254945157917,100,3.920000000000000,11.400000000000000,0.810000000000000,0.740000000000000,49.299999999999997,17.817321482904468,1,2,5,5,1,3,1,5,1,1,3,2,5.000,E01001028,Croydon 038A,0.977272727272727,0.981818181818182,0.979545454545454,5.000000000000000
Croydon,8.014142604596348,20.430000000000000,10.542340278625488,26.946460723876953,0.004258550743384,41.349177454944915,100,6.400000000000000,11.230000000000000,2.120000000000000,7.550000000000000,45.500000000000000,17.817321482904468,2,2,4,4,1,3,3,5,3,2,3,2,5.000,E01001029,Croydon 038B,0.677272727272727,0.754545454545455,0.715909090909091,4.000000000000000
Croydon,3.977272727272727,25.318999999999999,9.767919540405273,21.698940277099609,0.007713160974267,19.914110365211261,100,5.170000000000000,8.130000000000004,0.990000000000000,1.420000000000000,47.180000000000000,17.873229908219336,1,2,1,1,3,5,2,4,2,1,3,2,5.000,E01001030,Croydon 038C,0.177272727272727,0.172727272727273,0.175000000000000,1.000000000000000
Croydon,2.999318336741650,18.234000000000002,9.585225105285645,20.622039794921875,0.004262489995690,41.349177454944915,100,4.920000000000000,6.900000000000000,1.280000000000000,0.970000000000000,33.890000000000001,17.873229908219336,1,2,1,1,1,3,1,4,2,1,1,2,5.000,E01001031,Croydon 038D,0.050000000000000,0.050000000000000,0.050000000000000,1.000000000000000
Croydon,2.033898305084746,44.052000000000000,9.795455932617188,21.891609191894531,0.005693630242849,41.349177454944915,0,5.200000000000000,12.270000000000000,0.330000000000000,0.720000000000000,32.200000000000003,17.769683366100921,1,1,1,1,2,3,2,5,1,1,1,1,1.000,E01001032,Croydon 035A,0.190909090909091,0.186363636363636,0.188636363636364,1.000000000000000
Croydon,6.987399770904926,13.952999999999999,10.004460334777832,23.180360794067383,0.009690760098879,41.349177454944915,100,7.620000000000000,5.040000000000000,2.780000000000000,9.779999999999999,42.820000000000000,17.954383753167015,2,3,2,2,3,3,5,3,3,3,2,2,5.000,E01001033,Croydon 031A,0.272727272727273,0.268181818181818,0.270454545454545,2.000000000000000
Croydon,7.997557997557998,19.899999999999999,10.867659568786623,30.257009506225582,0.016491666754037,45.178027607688001,92,8.020000000000000,3.670000000000000,2.300000000000000,5.120000000000000,34.240000000000002,17.769683366100921,2,2,5,5,5,2,5,1,3,2,1,1,5.000,E01001034,Croydon 031B,0.809090909090909,0.859090909090909,0.834090909090909,5.000000000000000
Croydon,9.022957821676455,24.635999999999999,10.974229812622070,28.932689666748047,0.013358148874230,28.430965203493031,13,7.300000000000000,6.170000000000000,2.030000000000000,9.510000000000000,48.630000000000003,18.024394499052981,2,2,5,5,4,4,4,3,3,3,3,3,1.000,E01001035,Croydon 027A,0.827272727272727,0.827272727272727,0.827272727272727,5.000000000000000
Croydon,4.005167958656330,31.911000000000001,12.882670402526855,38.730289459228509,0.007273332094275,69.770460926662054,56,4.430000000000000,9.850000000000000,0.950000000000000,3.950000000000000,41.070000000000000,17.769683366100921,1,1,5,5,2,1,1,5,1,1,2,1,3.000,E01001036,Croydon 029A,0.959090909090909,0.945454545454545,0.952272727272727,5.000000000000000
Croydon,13.001485884101042,14.749000000000001,15.623419761657715,62.292339324951165,0.026628190672534,17.610406568421954,100,9.320000000000000,4.040000000000000,1.870000000000000,18.620000000000001,43.060000000000002,18.112179664784097,3,3,5,5,5,5,5,2,3,4,2,4,5.000,E01001037,Croydon 029B,0.990909090909091,0.986363636363636,0.988636363636364,5.000000000000000
Croydon,8.991683991683992,32.011000000000003,10.229519844055176,24.480339050292969,0.014163764633427,44.493987014006677,54,6.310000000000000,3.260000000000000,1.690000000000000,12.650000000000000,39.759999999999998,18.024394499052981,2,1,2,3,4,2,3,1,2,3,2,3,3.000,E01001038,Croydon 029C,0.381818181818182,0.400000000000000,0.390909090909091,2.000000000000000
Croydon,4.976775049767750,42.478999999999999,10.069760322570801,23.476350784301754,0.009199658164045,39.444088333739082,66,6.230000000000000,7.500000000000000,0.730000000000000,3.520000000000000,33.329999999999998,17.769683366100921,1,1,2,2,3,3,3,4,1,1,1,1,4.000,E01001039,Croydon 029D,0.304545454545455,0.304545454545455,0.304545454545455,2.000000000000000
Croydon,10.026954177897574,13.664000000000000,10.370710372924805,25.252910614013672,0.018323411350046,36.411222824578019,100,7.510000000000000,3.200000000000000,2.740000000000000,8.190000000000000,40.500000000000000,17.934610759989958,2,3,3,3,5,3,5,1,3,2,2,2,5.000,E01001040,Croydon 029E,0.463636363636364,0.472727272727273,0.468181818181818,3.000000000000000
Croydon,11.023142509135200,14.936999999999999,10.079799652099609,23.515880584716797,0.023292158593965,49.396232219107510,100,6.910000000000000,3.020000000000000,3.350000000000000,14.949999999999999,50.869999999999997,17.954383753167015,3,3,2,2,5,2,4,1,4,3,3,2,5.000,E01001041,Croydon 031C,0.313636363636364,0.313636363636364,0.313636363636364,2.000000000000000
Croydon,19.012707722385141,4.706000000000000,12.271289825439453,35.925910949707031,0.016235838245710,16.016770353234229,100,7.870000000000000,1.700000000000000,5.430000000000000,20.800000000000001,53.060000000000002,17.998127750159234,4,5,5,5,4,5,5,1,5,4,3,3,5.000,E01001042,Croydon 024B,0.936363636363636,0.927272727272727,0.931818181818182,5.000000000000000
Croydon,16.991452991452991,6.319000000000000,10.559749603271484,25.482429504394531,0.008493472402401,8.138878256534699,100,8.960000000000004,0.960000000000000,3.470000000000000,20.960000000000001,56.320000000000000,17.998127750159234,4,5,4,3,3,5,5,1,4,4,4,3,5.000,E01001043,Croydon 027B,0.686363636363636,0.522727272727273,0.604545454545454,4.000000000000000
Croydon,6.021616057642820,26.827000000000002,10.687709808349609,26.730339050292969,0.007264254340960,21.175805906618518,57,5.780000000000000,9.920000000000000,2.980000000000000,4.770000000000000,58.869999999999997,18.024394499052981,1,1,4,4,2,5,2,5,4,2,4,3,3.000,E01001044,Croydon 023A,0.763636363636364,0.736363636363636,0.750000000000000,4.000000000000000
Croydon,20.009220839096358,10.377000000000001,10.458009719848633,25.594579696655273,0.006170071665572,37.678850035086761,100,6.470000000000000,5.430000000000000,3.450000000000000,15.109999999999999,49.500000000000000,18.116822726254004,5,4,4,3,2,3,3,3,4,3,3,4,5.000,E01001045,Croydon 027C,0.613636363636364,0.550000000000000,0.581818181818182,3.000000000000000
Croydon,4.988662131519274,23.952000000000002,10.428489685058594,25.257799148559570,0.028349121233716,41.349177454944915,100,8.210000000000004,6.240000000000000,3.310000000000000,2.000000000000000,64.640000000000001,17.863547863296905,1,2,3,3,5,3,5,3,4,1,4,2,5.000,E01001046,Croydon 023B,0.550000000000000,0.477272727272727,0.513636363636364,3.000000000000000
Croydon,9.988839285714286,18.785000000000000,10.823539733886719,27.309230804443359,0.012050714038257,28.844890389822002,100,7.440000000000000,4.320000000000001,3.800000000000000,10.760000000000000,44.979999999999997,18.024394499052981,2,2,5,4,4,4,4,2,4,3,3,3,5.000,E01001047,Croydon 027D,0.804545454545455,0.777272727272727,0.790909090909091,4.000000000000000
Croydon,15.982286634460547,6.487000000000000,16.373249053955078,62.829959869384766,0.011324201882487,53.189593515096931,100,7.770000000000000,0.610000000000000,3.540000000000000,11.490000000000000,64.109999999999999,18.038260221979364,4,5,5,5,4,1,5,1,4,3,4,3,5.000,E01001048,Croydon 020C,0.995454545454545,0.990909090909091,0.993181818181818,5.000000000000000
Croydon,3.989535644211903,23.010000000000002,11.168700218200684,31.092929840087891,0.002573676721978,30.712537250253817,67,5.560000000000000,12.359999999999999,1.650000000000000,0.390000000000000,62.130000000000003,18.089786570449583,1,2,5,5,1,4,2,5,2,1,4,4,4.000,E01001049,Croydon 023C,0.863636363636364,0.877272727272727,0.870454545454545,5.000000000000000
Croydon,14.007092198581560,19.835000000000001,13.306960105895996,45.379959106445312,0.014719727507255,64.918148807634168,100,5.670000000000000,11.170000000000000,3.690000000000000,35.899999999999999,57.359999999999999,18.116822726254004,3,2,5,5,4,1,2,5,4,5,4,4,5.000,E01001050,Croydon 023D,0.972727272727273,0.972727272727273,0.972727272727273,5.000000000000000
Croydon,27.030456852791879,9.289000000000000,9.628273963928223,20.942710876464844,0.018380777852614,40.682935387511471,100,6.700000000000000,6.580000000000000,1.810000000000000,64.780000000000001,51.619999999999997,18.093526907579321,5,4,1,1,5,3,4,4,2,5,3,4,5.000,E01001051,Croydon 030A,0.063636363636364,0.077272727272727,0.070454545454545,1.000000000000000
Croydon,30.028530670470754,55.402999999999999,9.623874664306641,20.940130233764648,0.011453349872213,39.626014820297662,100,4.370000000000000,5.060000000000000,2.030000000000000,60.270000000000003,54.810000000000002,17.680407110177210,5,1,1,1,4,3,1,3,3,5,3,1,5.000,E01001052,Croydon 030B,0.059090909090909,0.072727272727273,0.065909090909091,1.000000000000000
Croydon,20.999367488931057,6.165000000000000,9.665442466735840,20.786529541015625,0.007202188526780,20.258811776517057,100,6.280000000000000,5.340000000000000,1.430000000000000,38.729999999999997,40.789999999999999,18.143687733071893,5,5,1,1,2,5,3,3,2,5,2,5,5.000,E01001053,Croydon 032A,0.095454545454545,0.059090909090909,0.077272727272727,1.000000000000000
Croydon,24.009461856889413,4.829000000000000,9.748016357421877,21.906349182128906,0.011049541561411,20.017033791465018,0,5.800000000000000,5.480000000000000,1.550000000000000,44.840000000000003,49.430000000000000,18.093526907579321,5,5,1,1,4,5,2,3,2,5,3,4,1.000,E01001054,Croydon 030C,0.168181818181818,0.195454545454545,0.181818181818182,1.000000000000000
Croydon,23.984771573604061,17.693999999999999,9.581551551818848,20.473930358886719,0.007798552936518,40.078648022725773,0,4.780000000000000,6.750000000000000,1.250000000000000,53.399999999999999,38.560000000000002,17.680407110177210,5,3,1,1,3,3,1,4,2,5,2,1,1.000,E01001055,Croydon 032B,0.045454545454545,0.040909090909091,0.043181818181818,1.000000000000000
Croydon,27.015706806282726,3.750000000000000,9.747413635253906,21.273019790649418,0.021939582277657,15.861267687594266,100,6.360000000000000,1.990000000000000,2.000000000000000,70.859999999999999,51.189999999999998,18.143687733071893,5,5,1,1,5,5,3,1,3,5,3,5,5.000,E01001056,Croydon 030D,0.163636363636364,0.136363636363636,0.150000000000000,1.000000000000000
Croydon,30.010438413361168,5.072000000000000,9.666595458984377,20.848239898681641,0.015023116101319,24.632665649655124,100,6.260000000000000,2.460000000000000,2.840000000000000,78.200000000000003,55.490000000000002,18.143687733071893,5,5,1,1,4,4,3,1,3,5,4,5,5.000,E01001057,Croydon 030E,0.100000000000000,0.063636363636364,0.081818181818182,1.000000000000000
Croydon,6.033182503770740,19.129000000000001,9.669193267822266,21.185590744018555,0.012991028730487,41.047010728881204,41,6.200000000000000,7.230000000000000,1.150000000000000,5.940000000000000,29.480000000000000,18.014916212794596,2,2,1,1,4,3,3,4,2,2,1,3,3.000,E01001058,Croydon 034A,0.104545454545455,0.113636363636364,0.109090909090909,1.000000000000000
Croydon,10.027662517289073,24.547000000000001,9.844167709350586,22.308240890502930,0.017254380215842,30.479016958361793,98,7.840000000000000,4.860000000000000,0.870000000000000,6.690000000000000,28.859999999999999,18.014916212794596,2,2,2,2,5,4,5,2,1,2,1,3,5.000,E01001059,Croydon 034B,0.209090909090909,0.227272727272727,0.218181818181818,2.000000000000000
Croydon,14.025500910746814,25.747000000000000,9.550598144531250,20.498680114746094,0.001374776561939,15.044114852386750,12,6.660000000000000,5.970000000000000,0.830000000000000,10.539999999999999,31.000000000000000,18.014916212794596,3,2,1,1,1,5,4,3,1,3,1,3,1.000,E01001060,Croydon 034C,0.036363636363636,0.045454545454545,0.040909090909091,1.000000000000000
Croydon,15.031847133757962,7.948000000000000,9.694747924804688,21.323930740356445,0.008040059923223,49.688519938891979,0,5.810000000000000,5.130000000000000,0.770000000000000,16.440000000000001,38.960000000000001,18.004864576891791,4,5,1,1,3,2,2,3,1,3,2,3,1.000,E01001061,Croydon 034D,0.127272727272727,0.150000000000000,0.138636363636364,1.000000000000000
Croydon,7.975871313672922,23.719999999999999,10.115150451660156,23.765750885009766,0.002322997433059,52.894442543428525,54,3.460000000000000,17.280000000000001,1.360000000000000,3.420000000000000,38.430000000000000,18.206021294342733,2,2,2,2,1,1,1,5,2,1,2,5,3.000,E01001062,Croydon 026A,0.336363636363636,0.327272727272727,0.331818181818182,2.000000000000000
Croydon,5.973025048169558,18.131000000000000,13.002570152282715,42.362701416015625,0.007293272448129,38.000211966275295,96,5.230000000000000,9.940000000000000,1.670000000000000,0.690000000000000,36.229999999999997,18.021788218628281,1,2,5,5,2,3,2,5,2,1,2,3,5.000,E01001063,Croydon 026B,0.963636363636364,0.968181818181818,0.965909090909091,5.000000000000000
Croydon,5.000000000000000,42.969000000000001,9.844994544982910,22.065479278564453,0.000708165056919,41.349177454944915,0,4.230000000000002,12.140000000000001,0.950000000000000,0.980000000000000,41.939999999999998,17.977560573945432,1,1,2,2,1,3,1,5,1,1,2,2,1.000,E01001064,Croydon 026C,0.218181818181818,0.213636363636364,0.215909090909091,2.000000000000000
Croydon,8.998548621190130,9.613000000000000,10.436610221862791,25.792509078979492,0.002129901689953,61.327679211172359,0,4.090000000000000,10.380000000000001,0.700000000000000,6.130000000000000,27.010000000000002,17.680407110177210,2,4,3,4,1,1,1,5,1,2,1,1,1.000,E01001065,Croydon 034E,0.559090909090909,0.627272727272727,0.593181818181818,3.000000000000000
Croydon,28.016937191249120,7.841000000000000,9.727383613586426,21.378320693969727,0.015717118473781,33.209373214042628,0,5.240000000000000,5.100000000000000,2.480000000000000,55.070000000000000,53.799999999999997,18.004864576891791,5,5,1,1,4,4,2,3,3,5,3,3,1.000,E01001066,Croydon 034F,0.145454545454545,0.159090909090909,0.152272727272727,1.000000000000000
Croydon,2.004581901489118,36.494000000000000,9.728124618530273,21.202690124511719,0.003838695818411,41.349177454944915,100,4.770000000000000,8.820000000000000,0.740000000000000,0.870000000000000,36.740000000000002,17.674080317900440,1,1,1,1,1,3,1,4,1,1,2,1,5.000,E01001067,Croydon 041D,0.150000000000000,0.118181818181818,0.134090909090909,1.000000000000000
Croydon,9.994794377928162,35.563000000000002,9.634182929992676,20.942979812622070,0.006915274099421,43.134439034386375,7,6.540000000000000,7.740000000000000,0.400000000000000,17.059999999999999,29.440000000000001,17.770305825740259,2,1,1,1,2,2,3,4,1,4,1,1,1.000,E01001068,Croydon 042A,0.068181818181818,0.081818181818182,0.075000000000000,1.000000000000000
Croydon,3.967670830271859,34.131000000000000,9.764382362365723,21.353649139404297,0.014966573648801,41.204691501399743,74,6.870000000000000,10.380000000000001,0.990000000000000,2.780000000000000,33.020000000000003,17.777882115006012,1,1,1,1,4,3,4,5,2,1,1,1,4.000,E01001069,Croydon 040A,0.172727272727273,0.154545454545455,0.163636363636364,1.000000000000000
Croydon,9.978189749182116,34.365000000000002,9.644916534423828,20.999000549316406,0.005679008880918,58.704603287363142,100,5.670000000000000,9.270000000000000,1.850000000000000,17.309999999999999,39.219999999999999,17.674080317900440,2,1,1,1,2,1,2,5,3,4,2,1,5.000,E01001070,Croydon 040B,0.077272727272727,0.095454545454545,0.086363636363636,1.000000000000000
Croydon,7.005426739023188,21.027000000000001,9.777956008911133,21.829669952392582,0.002201675871523,21.268855576950926,50,5.790000000000000,5.630000000000000,0.600000000000000,13.730000000000000,25.760000000000002,17.770305825740259,2,2,1,1,1,5,2,3,1,3,1,1,3.000,E01001071,Croydon 042B,0.186363636363636,0.181818181818182,0.184090909090909,1.000000000000000
Croydon,4.005431093007468,30.359000000000002,9.520472526550291,20.304159164428711,0.002176116821353,69.697401048123297,59,4.390000000000000,16.949999999999999,0.480000000000000,1.300000000000000,23.960000000000001,17.668287579979093,1,1,1,1,1,1,1,5,1,1,1,1,3.000,E01001072,Croydon 042C,0.031818181818182,0.027272727272727,0.029545454545455,1.000000000000000
Croydon,7.983761840324764,24.638000000000002,10.155340194702148,24.094509124755859,0.005380898861155,40.636369913628819,100,7.930000000000000,6.400000000000000,1.680000000000000,7.850000000000000,40.930000000000000,17.893310907619515,2,2,2,2,2,3,5,4,2,2,2,2,5.000,E01001073,Croydon 037A,0.350000000000000,0.350000000000000,0.350000000000000,2.000000000000000
Croydon,10.991075622357913,25.300000000000001,10.069680213928223,23.370229721069336,0.008331860213422,47.569824680625622,100,6.690000000000000,5.970000000000000,1.180000000000000,21.570000000000000,41.719999999999999,17.674080317900440,3,2,2,2,3,2,4,3,2,4,2,1,5.000,E01001074,Croydon 041E,0.300000000000000,0.290909090909091,0.295454545454545,2.000000000000000
Croydon,6.007281553398060,30.584000000000000,10.451660156250000,26.580739974975582,0.007316383455718,69.241775454198034,27,6.600000000000000,6.290000000000000,1.020000000000000,8.660000000000000,30.370000000000001,17.770305825740259,1,1,3,4,2,1,3,3,2,2,1,1,2.000,E01001075,Croydon 040C,0.586363636363636,0.704545454545455,0.645454545454546,4.000000000000000
Croydon,22.004608294930875,6.890000000000000,9.987578392028809,23.427030563354492,0.009178396932552,30.075680417752992,99,7.330000000000000,4.090000000000000,1.620000000000000,33.740000000000002,38.890000000000001,17.811905560420467,5,5,2,2,3,4,4,2,2,5,2,1,5.000,E01001076,Croydon 036A,0.263636363636364,0.300000000000000,0.281818181818182,2.000000000000000
Croydon,9.992706053975201,5.326000000000000,9.617830276489258,20.373970031738281,0.018505446600315,22.504373581202248,86,4.740000000000000,6.920000000000000,1.700000000000000,10.289999999999999,29.910000000000000,18.143687733071893,2,5,1,1,5,5,1,4,2,3,1,5,5.000,E01001077,Croydon 032C,0.054545454545455,0.031818181818182,0.043181818181818,1.000000000000000
Croydon,24.015748031496063,5.805000000000000,9.701908111572266,21.482120513916016,0.012383651693343,59.678248786544039,30,5.260000000000000,5.540000000000000,2.060000000000000,44.200000000000003,35.869999999999997,18.143687733071893,5,5,1,1,4,1,2,3,3,5,2,5,2.000,E01001078,Croydon 032D,0.131818181818182,0.168181818181818,0.150000000000000,1.000000000000000
Croydon,23.012318029115342,5.710000000000000,9.727346420288086,21.283349990844727,0.007044743657988,22.838178346240884,100,5.140000000000000,5.020000000000000,0.640000000000000,43.439999999999998,37.320000000000000,17.673853419317535,5,5,1,1,2,5,2,3,1,5,2,1,5.000,E01001079,Croydon 036B,0.140909090909091,0.140909090909091,0.140909090909091,1.000000000000000
Croydon,28.975903614457831,10.064000000000000,10.090430259704590,23.780929565429688,0.010429895405840,31.035591157463017,0,5.860000000000000,9.359999999999999,1.680000000000000,72.790000000000006,37.729999999999997,17.585346265573666,5,4,2,2,3,4,3,5,2,5,2,1,1.000,E01001080,Croydon 036C,0.327272727272727,0.331818181818182,0.329545454545455,2.000000000000000
Croydon,21.971252566735114,10.688000000000001,9.670630455017090,21.288700103759766,0.004532125106914,40.188538742762226,40,5.200000000000000,6.150000000000000,0.910000000000000,35.560000000000002,32.380000000000003,17.612161044087721,5,4,1,1,1,3,2,3,1,5,1,1,2.000,E01001081,Croydon 036D,0.113636363636364,0.145454545454545,0.129545454545455,1.000000000000000
Croydon,20.000000000000000,23.481000000000002,9.722526550292969,21.220930099487305,0.006703288248696,64.845278131895597,100,6.380000000000000,4.190000000000002,0.730000000000000,38.549999999999997,35.969999999999999,17.673853419317535,4,2,1,1,2,1,3,2,1,5,2,1,5.000,E01001082,Croydon 032E,0.136363636363636,0.122727272727273,0.129545454545455,1.000000000000000
Croydon,8.980582524271846,16.949000000000002,10.427479743957520,25.731100082397461,0.006553308994521,41.349177454944915,12,4.460000000000000,10.039999999999999,3.750000000000000,1.650000000000000,60.880000000000003,17.923034590419356,2,3,3,4,2,3,1,5,4,1,4,2,1.000,E01001083,Croydon 003A,0.540909090909091,0.604545454545454,0.572727272727273,3.000000000000000
Croydon,6.975505857294994,27.756000000000000,11.354990005493164,31.549690246582031,0.005618954750513,59.552906086386514,100,5.020000000000000,8.890000000000002,2.660000000000000,3.470000000000000,53.789999999999999,17.923034590419356,2,1,5,5,2,1,2,4,3,1,3,2,5.000,E01001084,Croydon 002A,0.890909090909091,0.886363636363636,0.888636363636364,5.000000000000000
Croydon,12.013729977116705,14.772000000000000,12.260250091552734,36.815868377685547,0.016817123213764,41.349177454944915,6,5.630000000000000,8.090000000000000,5.780000000000000,12.600000000000000,62.899999999999999,17.923034590419356,3,3,5,5,5,3,2,4,5,3,4,2,1.000,E01001085,Croydon 004A,0.931818181818182,0.936363636363636,0.934090909090909,5.000000000000000
Croydon,8.025404157043880,15.452000000000000,10.455340385437012,25.776580810546875,0.036583362050480,54.367309102096193,100,5.620000000000000,8.990000000000000,4.790000000000000,3.390000000000000,61.340000000000003,18.017321673179389,2,3,4,4,5,1,2,4,5,1,4,3,5.000,E01001086,Croydon 003B,0.609090909090909,0.622727272727273,0.615909090909091,4.000000000000000
Croydon,11.013567438148444,20.776000000000000,10.430520057678223,25.636299133300781,0.010045254028306,50.007290264600513,28,8.750000000000000,6.230000000000000,6.110000000000000,23.399999999999999,62.020000000000003,18.017321673179389,3,2,3,3,3,2,5,3,5,4,4,3,2.000,E01001087,Croydon 003C,0.554545454545455,0.568181818181818,0.561363636363636,3.000000000000000
Croydon,12.022160664819944,11.682000000000000,10.490590095520020,25.628200531005859,0.000000000000000,33.289787943191470,100,4.710000000000000,5.610000000000000,3.180000000000000,15.300000000000001,68.140000000000001,18.100372482970659,3,4,4,3,1,4,1,3,4,3,5,4,5.000,E01001088,Croydon 004B,0.631818181818182,0.559090909090909,0.595454545454545,4.000000000000000
Croydon,17.014925373134329,11.679000000000000,10.519969940185547,26.214269638061523,0.013660483279578,23.004299993091028,68,4.880000000000000,5.610000000000000,5.650000000000000,22.710000000000001,64.840000000000003,18.100372482970659,4,4,4,4,4,5,1,3,5,4,4,4,4.000,E01001089,Croydon 004C,0.650000000000000,0.672727272727273,0.661363636363636,4.000000000000000
Croydon,13.989207139892072,14.785000000000000,10.449609756469727,25.685850143432617,0.014733778454433,30.047758999620900,100,6.280000000000000,4.920000000000000,7.100000000000000,22.059999999999999,61.780000000000001,17.975895400909742,3,3,3,3,4,4,3,2,5,4,4,2,5.000,E01001090,Croydon 004D,0.581818181818182,0.586363636363636,0.584090909090909,3.000000000000000
Croydon,9.020310633213859,22.943999999999999,10.412870407104492,25.420879364013672,0.003792851469653,50.713989429648777,100,4.380000000000000,8.190000000000000,4.300000000000000,2.650000000000000,66.819999999999993,18.081246234280268,2,2,3,3,1,1,1,4,4,1,4,4,5.000,E01001091,Croydon 004E,0.513636363636364,0.504545454545455,0.509090909090909,3.000000000000000
Croydon,7.984790874524716,24.175000000000001,10.249279975891113,24.817359924316406,0.004242831068874,49.211985469342210,100,5.180000000000000,12.440000000000000,1.550000000000000,6.980000000000000,44.430000000000000,17.893310907619515,2,2,3,3,1,2,2,5,2,2,2,2,5.000,E01001092,Croydon 037B,0.400000000000000,0.427272727272727,0.413636363636364,3.000000000000000
Croydon,7.986870897155362,14.677000000000000,9.888716697692873,22.592489242553711,0.006907292050545,48.398338029592885,0,5.790000000000000,6.180000000000000,2.770000000000000,10.660000000000000,47.490000000000002,17.954383753167015,2,3,2,2,2,2,2,3,3,3,3,2,1.000,E01001093,Croydon 037C,0.231818181818182,0.245454545454545,0.238636363636364,2.000000000000000
Croydon,4.028589993502276,33.445999999999998,9.884148597717285,22.511999130249023,0.001670855775377,42.904979416534715,17,3.880000000000000,11.340000000000000,1.000000000000000,3.160000000000000,48.390000000000001,17.817321482904468,1,1,2,2,1,2,1,5,2,1,3,2,1.000,E01001094,Croydon 038E,0.227272727272727,0.240909090909091,0.234090909090909,2.000000000000000
Croydon,12.010617120106170,16.242000000000001,14.301850318908691,46.783149719238281,0.012709753599963,41.349177454944915,100,7.700000000000000,3.980000000000000,1.780000000000000,9.830000000000000,47.509999999999998,17.954383753167015,3,3,5,5,4,3,5,2,2,3,3,2,5.000,E01001095,Croydon 031D,0.981818181818182,0.977272727272727,0.979545454545454,5.000000000000000
Croydon,4.005431093007468,25.224000000000000,9.971272468566895,22.164110183715820,0.008695808828314,56.746816972796552,100,5.600000000000000,9.580000000000000,0.840000000000000,2.240000000000000,38.759999999999998,17.949283907244045,1,2,2,2,3,1,2,5,1,1,2,2,5.000,E01001096,Croydon 037D,0.254545454545455,0.222727272727273,0.238636363636364,2.000000000000000
Croydon,14.983713355048861,14.730000000000000,10.061149597167969,23.417219161987305,0.006992475371492,48.345686893982688,100,6.960000000000000,9.250000000000000,2.050000000000000,19.039999999999999,44.960000000000001,17.893310907619515,4,3,2,2,2,2,4,5,3,4,3,2,5.000,E01001097,Croydon 037E,0.290909090909091,0.295454545454545,0.293181818181818,2.000000000000000
Croydon,4.002668445630420,25.829999999999998,9.893243789672852,22.058670043945312,0.008115448447281,21.633312130284061,100,5.180000000000000,8.940000000000000,0.420000000000000,2.430000000000000,29.670000000000002,17.913800783745618,1,2,2,2,3,5,2,4,1,1,1,2,5.000,E01001098,Croydon 037F,0.236363636363636,0.209090909090909,0.222727272727273,2.000000000000000
Croydon,14.001327140013272,25.020000000000000,11.129670143127441,29.189540863037109,0.011706284086808,58.128129099116506,100,6.960000000000000,4.300000000000000,1.110000000000000,23.960000000000001,34.710000000000001,17.800429094800098,3,2,5,5,4,1,4,2,2,4,1,1,5.000,E01001099,Croydon 040D,0.850000000000000,0.831818181818182,0.840909090909091,5.000000000000000
Croydon,5.020080321285142,18.402000000000001,11.075240135192873,29.882680892944336,0.012662469498619,85.258773811707385,100,6.590000000000000,7.590000000000000,1.310000000000000,5.490000000000000,38.579999999999998,17.954383753167015,1,2,5,5,4,1,3,4,2,2,2,2,5.000,E01001100,Croydon 031E,0.840909090909091,0.836363636363636,0.838636363636364,5.000000000000000
Croydon,3.008070432868672,13.114000000000001,9.844522476196291,22.138130187988281,0.004911640135728,41.349177454944915,100,6.290000000000000,8.740000000000000,0.290000000000000,0.590000000000000,22.460000000000001,18.134870608849322,1,3,2,2,2,3,3,4,1,1,1,5,5.000,E01001101,Croydon 035B,0.213636363636364,0.218181818181818,0.215909090909091,2.000000000000000
Croydon,4.977664326738992,27.353000000000002,9.669978141784668,21.175159454345703,0.005211955868355,33.593246078669694,81,5.000000000000000,17.230000000000000,0.610000000000000,6.120000000000000,23.969999999999999,18.134870608849322,1,1,1,1,2,4,1,5,1,2,1,5,5.000,E01001102,Croydon 035C,0.109090909090909,0.109090909090909,0.109090909090909,1.000000000000000
Croydon,4.985163204747774,29.001000000000001,9.565584182739258,20.650890350341797,0.002854892755267,72.735258330085543,100,4.870000000000000,14.550000000000001,0.940000000000000,4.840000000000000,26.100000000000001,18.134870608849322,1,1,1,1,1,1,1,5,1,2,1,5,5.000,E01001103,Croydon 039A,0.040909090909091,0.054545454545455,0.047727272727273,1.000000000000000
Croydon,2.985948477751756,26.925000000000001,9.804922103881836,21.894559860229492,0.002394939089073,69.770460926662054,100,5.690000000000000,8.020000000000000,0.500000000000000,3.900000000000000,30.210000000000001,17.770305825740259,1,1,1,1,1,1,2,4,1,1,1,1,5.000,E01001104,Croydon 042D,0.195454545454545,0.190909090909091,0.193181818181818,1.000000000000000
Croydon,12.006861063464838,51.320000000000000,9.504823684692383,20.401100158691406,0.002038351630332,82.410763719389905,100,4.900000000000000,6.160000000000000,0.590000000000000,23.050000000000001,28.430000000000000,17.774237683450071,3,1,1,1,1,1,1,3,1,4,1,1,5.000,E01001105,Croydon 039B,0.027272727272727,0.036363636363636,0.031818181818182,1.000000000000000
Croydon,8.002560819462230,29.274999999999999,9.369766235351562,19.441299438476562,0.004877151334220,56.673867857659069,0,5.120000000000000,8.109999999999999,1.160000000000000,9.800000000000001,29.489999999999998,17.692251807208823,2,1,1,1,2,1,2,4,2,3,1,1,1.000,E01001106,Croydon 039C,0.004545454545455,0.004545454545455,0.004545454545455,1.000000000000000
Croydon,3.017751479289941,28.696999999999999,10.163629531860352,24.146980285644531,0.003801634494134,38.183692245595445,98,5.100000000000000,10.199999999999999,0.800000000000000,2.390000000000000,37.640000000000001,17.769683366100921,1,1,2,2,1,3,2,5,1,1,2,1,5.000,E01001107,Croydon 035D,0.354545454545455,0.359090909090909,0.356818181818182,2.000000000000000
Croydon,2.985074626865671,25.486999999999998,10.140549659729004,24.216939926147461,0.010974556629323,36.848495505175549,61,5.090000000000000,11.020000000000000,0.520000000000000,1.090000000000000,28.350000000000001,17.769683366100921,1,2,2,2,4,3,2,5,1,1,1,1,4.000,E01001108,Croydon 035E,0.340909090909091,0.363636363636364,0.352272727272727,2.000000000000000
Croydon,20.000000000000000,10.522000000000000,11.671609878540041,33.124031066894531,0.006692477744989,25.635061052148355,100,7.760000000000000,7.170000000000000,3.840000000000000,32.229999999999997,59.780000000000001,18.145519640480735,4,4,5,5,2,4,5,4,4,5,4,5,5.000,E01001109,Croydon 013B,0.904545454545455,0.909090909090909,0.906818181818182,5.000000000000000
Croydon,22.977178423236513,11.691000000000001,12.713060379028320,39.216800689697266,0.031226083838853,23.091688998831515,100,8.470000000000002,2.330000000000000,4.060000000000000,29.820000000000000,63.640000000000001,18.038260221979364,5,4,5,5,5,5,5,1,4,4,4,3,5.000,E01001110,Croydon 020D,0.950000000000000,0.950000000000000,0.950000000000000,5.000000000000000
Croydon,15.995189416716777,8.250999999999999,11.354200363159180,31.876230239868164,0.012539864887634,49.039572760719381,100,6.840000000000000,3.700000000000000,4.930000000000000,11.580000000000000,62.950000000000003,18.144316709322219,4,5,5,5,4,2,4,1,5,3,4,5,5.000,E01001111,Croydon 010D,0.886363636363636,0.890909090909091,0.888636363636364,5.000000000000000
Croydon,23.005661348430262,8.146000000000004,10.413979530334473,25.739980697631836,0.009933730923923,36.680110343445051,100,7.940000000000000,5.010000000000000,3.120000000000000,29.670000000000002,59.450000000000003,18.106798239355573,5,5,3,4,3,3,5,3,4,4,4,4,5.000,E01001112,Croydon 013C,0.518181818181818,0.609090909090909,0.563636363636364,3.000000000000000
Croydon,16.014997321906801,10.779000000000000,10.332189559936523,25.007469177246094,0.015270107407967,26.209524559756588,100,9.640000000000001,3.230000000000000,4.770000000000000,16.649999999999999,61.859999999999999,18.106798239355573,4,4,3,3,4,4,5,1,5,3,4,4,5.000,E01001113,Croydon 013D,0.445454545454545,0.450000000000000,0.447727272727273,3.000000000000000
Croydon,25.034578146611342,9.362000000000000,12.771389961242676,39.643089294433594,0.019409892651291,28.189184486208539,100,7.060000000000000,2.180000000000000,3.820000000000000,37.729999999999997,72.680000000000007,18.144316709322219,5,4,5,5,5,4,4,1,4,5,5,5,5.000,E01001114,Croydon 013E,0.954545454545455,0.954545454545455,0.954545454545455,5.000000000000000
Croydon,25.992779783393502,13.092000000000001,10.445540428161623,25.527879714965820,0.014354400921397,47.259528760236591,100,7.530000000000000,4.950000000000000,5.950000000000000,39.320000000000000,78.349999999999994,18.186895559366071,5,3,3,3,4,2,5,2,5,5,5,5,5.000,E01001115,Croydon 015B,0.577272727272727,0.527272727272727,0.552272727272727,3.000000000000000
Croydon,16.035634743875278,10.762000000000000,10.532420158386230,26.161630630493164,0.016393665475640,26.674219377864254,100,6.460000000000000,2.900000000000000,4.970000000000000,11.760000000000000,66.670000000000002,18.106798239355573,4,4,4,4,4,4,3,1,5,3,4,4,5.000,E01001116,Croydon 013F,0.663636363636364,0.668181818181818,0.665909090909091,4.000000000000000
Croydon,13.987088841069779,10.443000000000000,10.582759857177734,26.218839645385746,0.000000000000000,19.488402433644868,100,6.430000000000000,2.880000000000000,4.830000000000000,22.090000000000000,78.310000000000002,18.154664527831414,3,4,4,4,1,5,3,1,5,4,5,5,5.000,E01001117,Croydon 015C,0.718181818181818,0.677272727272727,0.697727272727273,4.000000000000000
Croydon,26.004228329809724,9.563000000000001,10.453390121459959,25.589399337768555,0.025793224406332,20.106990844026715,100,7.300000000000000,4.140000000000000,5.500000000000000,37.570000000000000,71.629999999999995,18.106798239355573,5,4,3,3,5,5,4,2,5,5,5,4,5.000,E01001118,Croydon 020E,0.595454545454545,0.545454545454545,0.570454545454545,3.000000000000000
Croydon,4.033379694019472,58.323999999999998,9.652259826660156,20.956729888916016,0.002646543635882,53.595928305086424,16,4.590000000000000,9.740000000000000,0.360000000000000,3.980000000000000,19.210000000000001,18.004864576891791,1,1,1,1,1,1,1,5,1,1,1,3,1.000,E01001119,Croydon 034G,0.081818181818182,0.086363636363636,0.084090909090909,1.000000000000000
Croydon,6.009244992295840,26.347999999999999,9.652699470520020,21.005250930786133,0.011454201730328,41.349177454944915,0,6.640000000000000,9.330000000000000,0.930000000000000,2.760000000000000,31.949999999999999,17.703513183997323,1,1,1,1,4,3,4,5,1,1,1,1,1.000,E01001120,Croydon 033A,0.086363636363636,0.100000000000000,0.093181818181818,1.000000000000000
Croydon,2.967359050445104,37.412999999999997,9.684358596801758,21.269819259643555,0.001426465746667,53.820158196496926,63,3.920000000000000,15.289999999999999,0.540000000000000,1.660000000000000,23.600000000000001,17.802860251407225,1,1,1,1,1,1,1,5,1,1,1,1,4.000,E01001121,Croydon 039D,0.118181818181818,0.131818181818182,0.125000000000000,1.000000000000000
Croydon,3.008962868117798,45.061999999999998,12.080470085144041,32.873138427734375,0.002614559301610,77.683330848883386,0,3.740000000000000,9.140000000000001,1.280000000000000,0.220000000000000,42.930000000000000,17.769683366100921,1,1,5,5,1,1,1,4,2,1,2,1,1.000,E01001122,Croydon 033B,0.927272727272727,0.904545454545455,0.915909090909091,5.000000000000000
Croydon,4.000000000000000,44.530999999999999,9.908095359802246,22.310390472412109,0.002859998684515,90.283675221533414,28,4.090000000000000,11.220000000000001,0.760000000000000,1.000000000000000,34.479999999999997,17.937420438749974,1,1,2,2,1,1,1,5,1,1,1,2,2.000,E01001123,Croydon 033C,0.245454545454545,0.231818181818182,0.238636363636364,2.000000000000000
Croydon,2.995538559592097,24.263999999999999,9.732701301574709,21.471910476684570,0.003951434751292,40.721551923882743,0,4.040000000000000,14.350000000000000,0.910000000000000,1.660000000000000,23.710000000000001,17.769683366100921,1,2,1,1,1,3,1,5,1,1,1,1,1.000,E01001124,Croydon 033D,0.154545454545455,0.163636363636364,0.159090909090909,1.000000000000000
Croydon,8.011869436201781,16.254000000000001,9.854558944702148,22.385690689086918,0.005596322941034,41.349177454944915,100,4.770000000000000,10.090000000000000,1.260000000000000,5.290000000000000,40.960000000000001,17.802860251407225,2,3,2,2,2,3,1,5,2,2,2,1,5.000,E01001125,Croydon 033E,0.222727272727273,0.236363636363636,0.229545454545455,2.000000000000000
Croydon,4.016913319238900,12.321999999999999,10.395669937133791,25.720460891723633,0.010600230011080,62.215957718280080,51,5.940000000000000,11.449999999999999,0.950000000000000,4.380000000000000,26.219999999999999,18.004864576891791,1,4,3,4,3,1,3,5,1,2,1,3,3.000,E01001126,Croydon 034H,0.495454545454545,0.600000000000000,0.547727272727273,3.000000000000000
Croydon,7.027724049000646,15.555999999999999,10.234910011291504,25.041019439697266,0.010940889398003,42.680409541608334,100,4.830000000000000,8.750000000000000,0.510000000000000,4.560000000000000,36.789999999999999,17.532002775004507,2,3,2,3,3,2,1,4,1,2,2,1,5.000,E01001127,Croydon 025A,0.386363636363636,0.459090909090909,0.422727272727273,3.000000000000000
Croydon,26.020719073735528,32.944000000000003,9.838678359985352,22.023199081420898,0.006623737957555,45.410786428686208,40,5.590000000000000,4.040000000000000,2.320000000000000,57.439999999999998,54.780000000000001,17.977560573945432,5,1,2,2,2,2,2,2,3,5,3,2,2.000,E01001128,Croydon 025B,0.204545454545455,0.204545454545455,0.204545454545455,2.000000000000000
Croydon,2.978723404255319,17.536999999999999,9.963616371154785,22.825380325317383,0.008048317895159,40.636369913628819,100,3.150000000000000,9.960000000000001,0.370000000000000,1.390000000000000,32.399999999999999,17.947141546374986,1,3,2,2,3,3,1,5,1,1,1,2,5.000,E01001129,Croydon 026D,0.250000000000000,0.250000000000000,0.250000000000000,2.000000000000000
Croydon,29.994585814834867,24.800000000000001,9.773319244384766,21.718490600585938,0.002895925395780,40.007209342694885,100,7.520000000000000,2.040000000000000,2.430000000000000,69.519999999999996,70.530000000000001,17.977560573945432,5,2,1,1,1,3,5,1,3,5,5,2,5.000,E01001130,Croydon 025C,0.181818181818182,0.177272727272727,0.179545454545455,1.000000000000000
Croydon,7.973219720024346,30.318000000000001,10.063570022583008,23.293190002441406,0.015694042018307,32.962791132772232,80,7.140000000000000,8.410000000000000,1.060000000000000,14.369999999999999,27.489999999999998,17.604197594177219,2,1,2,2,4,4,4,4,2,3,1,1,4.000,E01001131,Croydon 018C,0.295454545454545,0.281818181818182,0.288636363636364,2.000000000000000
Croydon,4.976462676529926,14.625999999999999,10.039919853210449,23.268369674682617,0.004132367031456,41.349177454944915,72,4.470000000000000,13.850000000000000,1.140000000000000,5.130000000000000,38.670000000000002,17.604197594177219,1,3,2,2,1,3,1,5,2,2,2,1,4.000,E01001132,Croydon 018D,0.281818181818182,0.272727272727273,0.277272727272727,2.000000000000000
Croydon,7.989521938441388,17.117999999999999,10.032899856567383,23.278680801391602,0.005526270169744,44.266101404046132,93,3.660000000000000,18.300000000000001,1.550000000000000,6.780000000000000,29.270000000000000,17.604197594177219,2,3,2,2,2,2,1,5,2,2,1,1,5.000,E01001133,Croydon 026E,0.277272727272727,0.277272727272727,0.277272727272727,2.000000000000000
Croydon,6.996381182147166,16.646000000000001,10.003720283508301,23.049320220947266,0.005901898091926,22.376207346178568,21,5.510000000000000,8.980000000000000,0.960000000000000,5.150000000000000,38.740000000000002,18.206021294342733,2,3,2,2,2,5,2,4,1,2,2,5,2.000,E01001134,Croydon 018E,0.268181818181818,0.259090909090909,0.263636363636364,2.000000000000000
Croydon,6.979405034324944,22.602000000000000,10.749010086059570,28.486820220947266,0.005411769481111,44.697234954050494,100,3.880000000000000,11.810000000000000,1.510000000000000,2.960000000000000,36.729999999999997,17.604197594177219,2,2,4,5,2,2,1,5,2,1,2,1,5.000,E01001135,Croydon 025D,0.786363636363636,0.809090909090909,0.797727272727273,5.000000000000000
Croydon,17.987660180351213,7.340000000000000,10.567970275878906,26.621660232543945,0.008570893954771,32.934310280397092,47,7.660000000000000,5.740000000000000,3.770000000000000,13.890000000000001,55.359999999999999,18.050053351391036,4,5,4,4,3,4,5,3,4,3,3,4,3.000,E01001136,Croydon 007A,0.695454545454545,0.718181818181818,0.706818181818182,4.000000000000000
Croydon,14.014962593516209,38.707000000000001,10.417840003967285,25.549310684204102,0.005922617129146,26.609956017059872,72,8.600000000000000,6.300000000000000,1.840000000000000,13.420000000000000,36.609999999999999,18.010743385199557,3,1,3,3,2,4,5,3,2,3,2,3,4.000,E01001137,Croydon 001A,0.527272727272727,0.536363636363636,0.531818181818182,3.000000000000000
Croydon,11.982154238368388,33.435000000000002,10.452280044555664,25.848699569702148,0.007262407698248,42.253896509722409,4,6.800000000000000,4.160000000000000,1.450000000000000,19.359999999999999,35.450000000000003,18.096410511540302,3,1,3,4,2,2,4,2,2,4,2,4,1.000,E01001138,Croydon 001B,0.590909090909091,0.636363636363636,0.613636363636364,4.000000000000000
Croydon,11.010830324909747,18.385000000000002,10.604909896850586,26.830440521240234,0.021886517770911,36.441052088565961,100,7.240000000000000,5.290000000000000,2.280000000000000,7.540000000000000,53.530000000000001,18.050053351391036,3,2,4,4,5,3,4,3,3,2,3,4,5.000,E01001139,Croydon 007B,0.722727272727273,0.740909090909091,0.731818181818182,4.000000000000000
Croydon,13.974056603773583,43.631000000000000,10.292229652404785,24.995319366455082,0.003461694469434,70.466769082270943,100,7.050000000000000,4.720000000000000,2.640000000000000,12.020000000000000,41.020000000000003,18.211434289156735,3,1,3,3,1,1,4,2,3,3,2,5,5.000,E01001140,Croydon 007C,0.431818181818182,0.445454545454545,0.438636363636364,3.000000000000000
Croydon,18.993993993993993,20.605000000000000,10.216070175170898,24.455139160156246,0.024472235664628,44.145706625936150,100,5.330000000000000,2.590000000000000,2.770000000000000,31.680000000000000,57.609999999999999,18.211434289156735,4,2,2,2,5,2,2,1,3,5,4,5,5.000,E01001141,Croydon 008A,0.372727272727273,0.390909090909091,0.381818181818182,2.000000000000000
Croydon,11.018826135105204,19.812999999999999,10.196749687194824,24.392269134521484,0.066257704506647,34.790065106783572,100,4.990000000000000,7.380000000000000,1.610000000000000,8.699999999999999,49.140000000000001,18.211434289156735,3,2,2,2,5,4,1,4,2,2,3,5,5.000,E01001142,Croydon 007D,0.368181818181818,0.386363636363636,0.377272727272727,2.000000000000000
Croydon,17.002881844380404,21.606999999999999,10.252149581909180,24.744060516357418,0.010105675089664,34.442035519653764,63,7.650000000000000,5.480000000000000,3.730000000000000,27.770000000000000,57.590000000000003,18.014447436286918,4,2,3,3,3,4,5,3,4,4,4,3,4.000,E01001143,Croydon 008B,0.404545454545455,0.418181818181818,0.411363636363636,3.000000000000000
Croydon,21.020656136087485,12.802000000000000,10.375069618225098,25.364660263061523,0.019369139956393,28.084197808523708,100,6.050000000000000,4.620000000000000,3.570000000000000,23.039999999999999,59.500000000000000,18.050053351391036,5,4,3,3,5,4,3,2,4,4,4,4,5.000,E01001144,Croydon 007E,0.481818181818182,0.495454545454545,0.488636363636364,3.000000000000000
Croydon,27.024185068349105,12.733000000000001,10.439140319824219,25.743810653686523,0.028493865514758,26.288213354480622,100,7.100000000000000,4.320000000000001,4.210000000000000,44.270000000000003,65.480000000000004,18.046720968578256,5,4,3,4,5,4,4,2,4,5,4,3,5.000,E01001145,Croydon 008C,0.568181818181818,0.618181818181818,0.593181818181818,3.000000000000000
Croydon,13.024691358024693,12.994999999999999,10.427189826965332,25.534969329833984,0.000000000000000,23.851792607426027,100,5.040000000000000,5.370000000000000,2.350000000000000,8.910000000000000,66.670000000000002,18.015436478347414,3,3,3,3,1,4,2,3,3,2,4,3,5.000,E01001146,Croydon 006A,0.536363636363636,0.531818181818182,0.534090909090909,3.000000000000000
Croydon,20.993227990970656,11.939000000000000,11.056870460510254,30.077730178833008,0.007501731708449,29.424386954209108,100,7.030000000000000,1.910000000000000,3.890000000000000,23.510000000000002,67.189999999999998,18.017321673179389,5,4,5,5,3,4,4,1,4,4,5,3,5.000,E01001147,Croydon 005A,0.831818181818182,0.845454545454545,0.838636363636364,5.000000000000000
Croydon,16.026410564225692,13.388999999999999,10.737460136413574,27.567039489746094,0.013026531711446,28.601835957196464,100,6.000000000000000,3.880000000000000,2.990000000000000,12.410000000000000,67.079999999999998,18.015436478347414,4,3,4,4,4,4,3,2,4,3,4,3,5.000,E01001148,Croydon 005B,0.781818181818182,0.790909090909091,0.786363636363636,4.000000000000000
Croydon,9.987277353689567,31.041000000000000,10.729290008544922,27.605129241943359,0.008736892922529,17.073619965956674,100,7.910000000000000,3.480000000000000,2.650000000000000,8.430000000000000,59.500000000000000,17.788890659534008,2,1,4,4,3,5,5,1,3,2,4,1,5.000,E01001149,Croydon 006B,0.772727272727273,0.795454545454545,0.784090909090909,4.000000000000000
Croydon,12.987736900780378,35.741999999999997,10.568739891052246,26.582839965820312,0.004935271168270,41.047010728881204,100,6.150000000000000,4.280000000000000,2.550000000000000,10.220000000000001,53.490000000000002,18.055822463732770,3,1,4,4,2,3,3,2,3,3,3,4,5.000,E01001150,Croydon 006C,0.704545454545455,0.709090909090909,0.706818181818182,4.000000000000000
Croydon,21.981776765375855,13.944000000000001,10.638440132141113,26.922540664672852,0.006415141019931,32.779338091917701,100,6.300000000000000,5.160000000000000,5.300000000000000,34.130000000000003,67.519999999999996,18.017321673179389,5,3,4,4,2,4,3,3,5,5,5,3,5.000,E01001151,Croydon 005C,0.745454545454545,0.750000000000000,0.747727272727273,4.000000000000000
Croydon,22.986577181208055,10.093000000000000,10.496029853820801,25.855489730834961,0.008310237201997,37.342875742049451,100,6.790000000000000,3.350000000000000,9.869999999999999,18.859999999999999,65.709999999999994,18.082383693346554,5,4,4,4,3,3,4,1,5,4,4,4,5.000,E01001152,Croydon 005D,0.636363636363636,0.640909090909091,0.638636363636364,4.000000000000000
Croydon,14.025974025974024,32.168999999999997,10.388589859008791,25.165000915527344,0.037780294721848,33.769942425794291,100,4.620000000000000,5.850000000000000,3.650000000000000,11.020000000000000,70.659999999999997,18.015436478347414,4,1,3,3,5,4,1,3,4,3,5,3,5.000,E01001153,Croydon 006D,0.490909090909091,0.468181818181818,0.479545454545455,3.000000000000000
Croydon,16.015818091942659,18.672000000000001,10.414010047912598,25.475290298461918,0.017001611844946,32.203022533260736,100,6.620000000000000,2.670000000000000,5.100000000000000,15.690000000000000,68.189999999999998,18.050053351391036,4,2,3,3,5,4,4,1,5,3,5,4,5.000,E01001154,Croydon 006E,0.522727272727273,0.518181818181818,0.520454545454546,3.000000000000000
Croydon,28.013582342954159,7.130000000000000,10.880450248718262,28.501470565795898,0.015476014857706,15.662072868732585,100,7.320000000000000,7.540000000000000,5.250000000000000,40.380000000000003,75.010000000000005,18.040467828847657,5,5,5,5,4,5,4,4,5,5,5,3,5.000,E01001155,Croydon 010E,0.813636363636364,0.813636363636364,0.813636363636364,5.000000000000000
Croydon,16.981132075471699,30.004999999999999,10.402609825134277,25.609109878540039,0.006615546614446,58.938240733824856,100,6.560000000000000,7.180000000000000,3.160000000000000,31.430000000000000,44.509999999999998,17.826532004631229,4,1,3,3,2,1,3,4,4,5,2,2,5.000,E01001156,Croydon 001C,0.500000000000000,0.554545454545455,0.527272727272727,3.000000000000000
Croydon,11.997670355270822,26.648000000000000,10.568140029907227,26.617900848388672,0.005748107187445,50.643112580618990,45,5.840000000000000,6.750000000000000,3.080000000000000,13.119999999999999,64.599999999999994,17.923034590419356,3,1,4,4,2,1,3,4,4,3,4,2,3.000,E01001157,Croydon 002B,0.700000000000000,0.713636363636364,0.706818181818182,4.000000000000000
Croydon,13.010501750291715,40.844999999999999,10.566909790039062,26.624460220336918,0.025249173319184,56.502467965438782,100,6.400000000000000,4.640000000000000,2.700000000000000,15.080000000000000,44.740000000000002,17.826532004631229,3,1,4,4,5,1,3,2,3,3,2,2,5.000,E01001158,Croydon 005E,0.690909090909091,0.722727272727273,0.706818181818182,4.000000000000000
Croydon,9.006690684508492,27.399000000000001,10.427630424499512,25.800529479980469,0.009380736837258,41.349177454944915,100,6.840000000000000,8.119999999999999,3.690000000000000,7.010000000000000,52.000000000000000,17.790813450056259,2,1,3,4,3,3,4,4,4,2,3,1,5.000,E01001159,Croydon 002C,0.545454545454545,0.631818181818182,0.588636363636364,3.000000000000000
Croydon,10.999497739829231,14.962999999999999,10.509260177612305,26.223890304565430,0.007283448503688,42.512258822499966,100,5.290000000000000,8.480000000000000,4.080000000000000,3.510000000000000,70.510000000000005,18.027671622813482,3,3,4,4,2,2,2,4,4,1,5,3,5.000,E01001160,Croydon 002D,0.645454545454546,0.681818181818182,0.663636363636364,4.000000000000000
Croydon,29.023307436182023,13.550000000000001,10.425399780273438,25.633619308471680,0.006668739264042,51.361302538304429,64,4.050000000000000,6.010000000000000,4.860000000000000,44.729999999999997,71.640000000000001,18.017321673179389,5,3,3,3,2,1,1,3,5,5,5,3,4.000,E01001161,Croydon 003D,0.531818181818182,0.563636363636364,0.547727272727273,3.000000000000000
Croydon,16.982152514872904,26.588000000000001,11.186579704284668,30.226249694824219,0.010495177444237,50.996737364567259,100,5.810000000000000,4.430000000000000,2.230000000000000,34.420000000000002,50.799999999999997,17.868500287846832,4,1,5,5,3,1,2,2,3,5,3,2,5.000,E01001162,Croydon 001D,0.868181818181818,0.850000000000000,0.859090909090909,5.000000000000000
Croydon,9.002904162633108,27.454000000000001,11.879260063171387,34.202381134033203,0.011817041617856,45.181881514537579,100,6.720000000000000,7.080000000000000,1.960000000000000,11.119999999999999,39.420000000000002,17.790813450056259,2,1,5,5,4,2,4,4,3,3,2,1,5.000,E01001163,Croydon 002E,0.909090909090909,0.913636363636364,0.911363636363636,5.000000000000000
Croydon,13.003663003663005,20.099000000000000,10.541009902954102,26.365989685058594,0.009100475464623,44.159808748781366,100,6.140000000000000,2.790000000000000,1.840000000000000,18.070000000000000,31.649999999999999,18.010743385199557,3,2,4,4,3,2,3,1,2,4,1,3,5.000,E01001164,Croydon 001E,0.672727272727273,0.690909090909091,0.681818181818182,4.000000000000000
Croydon,12.981045376220562,7.358000000000000,10.454259872436523,25.447219848632812,0.013047508983086,24.466381844872213,100,6.230000000000000,3.360000000000000,4.110000000000001,8.820000000000000,53.390000000000001,18.167407528318773,3,5,4,3,4,4,3,1,4,2,3,5,5.000,E01001165,Croydon 024C,0.600000000000000,0.509090909090909,0.554545454545454,3.000000000000000
Croydon,19.990004997501249,8.127000000000002,13.245510101318359,41.280059814453125,0.011051684166093,36.091153706932559,100,6.870000000000000,4.990000000000000,3.460000000000000,31.390000000000001,53.390000000000001,17.998127750159234,4,5,5,5,4,3,4,3,4,5,3,3,5.000,E01001166,Croydon 024D,0.968181818181818,0.963636363636364,0.965909090909091,5.000000000000000
Croydon,13.003239241092087,7.508000000000000,10.248519897460938,24.476379394531246,0.008341994622155,47.946631984616197,66,6.400000000000000,4.080000000000000,3.040000000000000,14.949999999999999,57.820000000000000,18.167407528318773,3,5,2,2,3,2,3,2,4,3,4,5,4.000,E01001167,Croydon 028A,0.395454545454545,0.395454545454545,0.395454545454545,2.000000000000000
Croydon,10.027100271002711,8.840999999999999,10.620659828186035,26.356630325317383,0.008650878596588,32.194338052007019,100,5.110000000000000,5.110000000000000,2.890000000000000,8.320000000000000,45.090000000000003,18.167407528318773,2,5,4,4,3,4,2,3,4,2,3,5,5.000,E01001168,Croydon 024E,0.740909090909091,0.686363636363636,0.713636363636364,4.000000000000000
Croydon,20.997679814385151,15.377000000000001,10.680419921875000,26.958940505981445,0.014163580469898,34.469480626054846,100,7.100000000000000,4.530000000000000,2.470000000000000,44.500000000000000,58.829999999999998,17.767611451152426,5,3,4,4,4,4,4,2,3,5,4,1,5.000,E01001169,Croydon 028B,0.759090909090909,0.759090909090909,0.759090909090909,4.000000000000000
Croydon,15.023474178403756,11.808000000000000,10.735030174255373,27.143299102783203,0.010613936315485,43.312205553901236,100,6.290000000000000,8.609999999999999,2.480000000000000,20.359999999999999,50.750000000000000,18.112179664784097,4,4,4,4,3,2,3,4,3,4,3,4,5.000,E01001170,Croydon 027E,0.777272727272727,0.772727272727273,0.775000000000000,4.000000000000000
Croydon,15.005359056806004,18.527999999999999,12.646590232849123,38.589500427246094,0.009990349934925,40.351363628971733,100,6.490000000000000,11.380000000000001,2.490000000000000,29.770000000000000,56.490000000000002,18.177873288535285,4,2,5,5,3,3,3,5,3,4,4,5,5.000,E01001171,Croydon 028C,0.945454545454545,0.940909090909091,0.943181818181818,5.000000000000000
Croydon,29.001883239171374,4.575000000000000,10.437729835510254,26.106540679931641,0.005208940151945,22.188198378703863,100,5.300000000000000,2.490000000000000,2.350000000000000,51.030000000000001,58.939999999999998,17.767611451152426,5,5,3,4,2,5,2,1,3,5,4,1,5.000,E01001172,Croydon 028D,0.563636363636364,0.663636363636364,0.613636363636364,4.000000000000000
Croydon,13.007840342124020,14.045999999999999,10.098810195922852,23.818529129028320,0.004164066283821,69.813973736354754,100,6.770000000000000,4.730000000000000,1.910000000000000,22.719999999999999,54.710000000000001,17.954383753167015,3,3,2,2,1,1,4,2,3,4,3,2,5.000,E01001173,Croydon 028E,0.331818181818182,0.336363636363636,0.334090909090909,2.000000000000000
Croydon,15.006226650062265,12.026000000000000,10.577199935913086,26.628559112548828,0.010959492432312,49.370912582829988,96,5.950000000000000,6.070000000000000,4.490000000000000,6.260000000000000,82.579999999999998,18.384324542153578,4,4,4,4,3,2,3,3,4,2,5,5,5.000,E01001174,Croydon 011A,0.713636363636364,0.727272727272727,0.720454545454545,4.000000000000000
Croydon,16.970802919708028,9.478999999999999,10.662890434265137,26.890329360961918,0.014283050292680,31.751220800626967,100,6.610000000000000,4.550000000000000,7.380000000000000,14.130000000000001,78.439999999999998,18.103490277266207,4,4,4,4,4,4,4,2,5,3,5,4,5.000,E01001175,Croydon 011B,0.754545454545455,0.745454545454545,0.750000000000000,4.000000000000000
Croydon,13.005632360471070,12.271000000000001,10.467700004577637,25.651849746704102,0.007989985372057,37.928710248199593,100,6.980000000000000,4.380000000000000,6.240000000000000,17.770000000000000,82.359999999999999,18.384324542153578,3,4,4,3,3,3,4,2,5,4,5,5,5.000,E01001176,Croydon 011C,0.627272727272727,0.572727272727273,0.600000000000000,4.000000000000000
Croydon,18.984280532043531,11.885000000000000,10.316249847412109,24.684139251708984,0.007284582517879,43.804202242116261,20,4.370000000000000,2.970000000000000,5.150000000000000,32.070000000000000,81.049999999999997,18.210546789543923,4,4,3,3,2,2,1,1,5,5,5,5,1.000,E01001177,Croydon 016C,0.436363636363636,0.413636363636364,0.425000000000000,3.000000000000000
Croydon,41.974431818181827,10.808000000000000,11.602860450744627,32.588890075683594,0.016545856032280,20.173017909356219,100,9.779999999999999,2.090000000000000,6.540000000000000,33.780000000000001,73.480000000000004,18.121036554220812,5,4,5,5,5,5,5,1,5,5,5,5,5.000,E01001178,Croydon 015D,0.900000000000000,0.900000000000000,0.900000000000000,5.000000000000000
Croydon,13.010685103708358,10.433999999999999,10.782580375671387,27.505960464477539,0.019220185605375,67.511022357851630,100,7.460000000000000,5.470000000000000,6.380000000000000,9.359999999999999,78.359999999999999,17.983870433671207,3,4,4,4,5,1,4,3,5,3,5,2,5.000,E01001179,Croydon 016D,0.795454545454545,0.781818181818182,0.788636363636364,4.000000000000000
Croydon,17.010869565217391,7.368000000000000,10.535120010375977,25.567750930786133,0.016223613425244,14.682897342679269,100,6.830000000000000,3.130000000000000,7.450000000000000,14.390000000000001,80.489999999999995,18.000424878230881,4,5,4,3,4,5,4,1,5,3,5,3,5.000,E01001180,Croydon 016E,0.668181818181818,0.540909090909091,0.604545454545454,4.000000000000000
Croydon,25.011933174224342,9.199999999999999,10.526180267333984,25.742059707641602,0.010555690685255,37.769130206633712,100,10.720000000000001,3.130000000000000,5.200000000000000,43.850000000000001,77.879999999999995,18.259496243970116,5,5,4,4,3,3,5,1,5,5,5,5,5.000,E01001181,Croydon 015E,0.659090909090909,0.613636363636364,0.636363636363636,4.000000000000000
Croydon,13.012221423436376,14.199000000000000,10.547559738159180,26.444650650024418,0.012690008030919,41.154370546073316,100,5.270000000000000,7.540000000000000,4.960000000000000,2.170000000000000,74.980000000000004,18.081246234280268,3,3,4,4,4,3,2,4,5,1,5,4,5.000,E01001182,Croydon 011D,0.681818181818182,0.695454545454545,0.688636363636364,4.000000000000000
Croydon,15.000000000000000,6.796000000000000,10.461310386657715,25.693000793457031,0.000000000000000,15.879155797433492,100,8.170000000000000,4.900000000000000,6.800000000000000,18.350000000000001,84.260000000000005,18.081246234280268,4,5,4,3,1,5,5,2,5,4,5,4,5.000,E01001183,Croydon 011E,0.618181818181818,0.595454545454545,0.606818181818182,4.000000000000000
Croydon,10.007639419404123,11.358000000000001,11.378009796142578,32.156028747558594,0.011729571815010,26.609956017059872,97,5.250000000000000,7.950000000000000,4.560000000000000,6.970000000000000,78.000000000000000,18.384324542153578,2,4,5,5,4,4,2,4,4,2,5,5,5.000,E01001184,Croydon 011F,0.895454545454546,0.895454545454546,0.895454545454546,5.000000000000000
Croydon,12.014563106796118,16.920999999999999,10.269900321960449,24.543949127197266,0.007277999173566,33.435130334643972,0,6.620000000000000,4.220000000000000,2.880000000000000,7.020000000000000,46.880000000000003,18.066756843567688,3,3,3,3,2,4,4,2,4,2,3,4,1.000,E01001185,Croydon 014B,0.422727272727273,0.404545454545455,0.413636363636364,3.000000000000000
Croydon,18.982494529540482,10.173999999999999,11.297800064086914,30.983219146728516,0.028686097909994,32.846507464940288,45,5.700000000000000,4.930000000000000,2.650000000000000,24.270000000000000,55.469999999999999,18.033603880769896,4,4,5,5,5,4,2,2,3,4,3,3,3.000,E01001186,Croydon 014C,0.881818181818182,0.872727272727273,0.877272727272727,5.000000000000000
Croydon,12.013139371187236,9.363000000000000,10.375579833984377,25.279050827026367,0.024482669930083,23.312593920387098,94,6.070000000000000,3.790000000000000,2.990000000000000,18.960000000000001,58.520000000000003,18.051326900933297,3,4,3,3,5,5,3,2,4,4,4,4,5.000,E01001187,Croydon 017E,0.486363636363636,0.486363636363636,0.486363636363636,3.000000000000000
Croydon,18.015267175572514,6.954000000000000,10.274780273437500,24.764579772949219,0.016436163484641,23.820772678643035,81,8.500000000000000,2.760000000000000,2.790000000000000,19.550000000000001,59.409999999999997,18.046720968578256,4,5,3,3,4,4,5,1,3,4,4,3,5.000,E01001188,Croydon 014D,0.427272727272727,0.422727272727273,0.425000000000000,3.000000000000000
Croydon,10.032362459546926,11.499000000000001,10.168470382690430,23.943899154663082,0.021455875384030,24.986882788941912,0,7.070000000000000,3.950000000000000,0.940000000000000,11.400000000000000,55.030000000000001,18.116797929673528,3,4,2,2,5,4,4,2,1,3,3,4,1.000,E01001189,Croydon 045B,0.359090909090909,0.345454545454545,0.352272727272727,2.000000000000000
Croydon,17.982456140350877,23.324000000000002,10.219400405883791,24.223430633544918,0.006556130916856,59.742742979845943,0,6.520000000000000,3.420000000000000,1.600000000000000,18.870000000000001,59.159999999999997,18.186933107141758,4,2,2,2,2,1,3,1,2,4,4,5,1.000,E01001190,Croydon 045C,0.377272727272727,0.368181818181818,0.372727272727273,2.000000000000000
Croydon,22.000000000000000,8.039999999999999,10.771059989929199,28.702320098876953,0.019533569623929,16.505025483196317,97,7.350000000000000,3.240000000000000,3.290000000000000,19.309999999999999,62.020000000000003,18.046720968578256,5,5,4,5,5,5,4,1,4,4,4,3,5.000,E01001191,Croydon 008D,0.790909090909091,0.818181818181818,0.804545454545455,5.000000000000000
Croydon,17.011751538891996,17.263999999999999,10.408450126647949,25.402200698852539,0.015361144942480,39.109189024774466,74,6.420000000000000,3.710000000000000,2.300000000000000,24.710000000000001,59.689999999999998,18.206903797213265,4,3,3,3,4,3,3,2,3,4,4,5,4.000,E01001192,Croydon 008E,0.504545454545455,0.500000000000000,0.502272727272727,3.000000000000000
Croydon,22.989807474518685,16.347000000000001,10.370059967041016,25.460039138793945,0.034648154092429,33.635483043272544,87,3.450000000000000,2.560000000000000,1.330000000000000,53.590000000000003,68.189999999999998,17.936661667202308,5,3,3,3,5,4,1,1,2,5,5,2,5.000,E01001193,Croydon 014E,0.459090909090909,0.513636363636364,0.486363636363636,3.000000000000000
Croydon,11.004209260372820,17.795999999999999,10.374620437622070,25.304649353027344,0.004584349679016,70.783906627024692,0,7.600000000000000,3.520000000000000,2.400000000000000,9.060000000000000,45.930000000000000,18.186933107141758,3,3,3,3,1,1,5,1,3,3,3,5,1.000,E01001194,Croydon 045D,0.477272727272727,0.490909090909091,0.484090909090909,3.000000000000000
Croydon,28.024760832864377,21.875000000000000,10.145050048828123,23.892429351806641,0.010028228164373,45.106098263508237,0,8.380000000000004,2.180000000000000,2.280000000000000,58.210000000000001,60.530000000000001,18.039761235599450,5,2,2,2,3,2,5,1,3,5,4,3,1.000,E01032569,Croydon 045E,0.345454545454545,0.340909090909091,0.343181818181818,2.000000000000000
